ma_dh,ma_sp,so_luong,,
HD100,SP11,6,,"insert into CTHD( SOHD,MASP,SOLUONG) VALUES ('HD100','SP11',6)"
HD100,SP12,5,,"insert into CTHD( SOHD,MASP,SOLUONG) VALUES ('HD100','SP12',5)"
HD100,SP13,9,,"insert into CTHD( SOHD,MASP,SOLUONG) VALUES ('HD100','SP13',9)"
HD100,SP14,10,,"insert into CTHD( SOHD,MASP,SOLUONG) VALUES ('HD100','SP14',10)"
HD101,SP11,5,,"insert into CTHD( SOHD,MASP,SOLUONG) VALUES ('HD101','SP11',5)"
HD102,SP11,9,,"insert into CTHD( SOHD,MASP,SOLUONG) VALUES ('HD102','SP11',9)"
HD102,SP12,8,,"insert into CTHD( SOHD,MASP,SOLUONG) VALUES ('HD102','SP12',8)"
HD102,SP13,9,,"insert into CTHD( SOHD,MASP,SOLUONG) VALUES ('HD102','SP13',9)"
HD102,SP14,6,,"insert into CTHD( SOHD,MASP,SOLUONG) VALUES ('HD102','SP14',6)"
HD102,SP15,9,,"insert into CTHD( SOHD,MASP,SOLUONG) VALUES ('HD102','SP15',9)"
HD103,SP25,5,,"insert into CTHD( SOHD,MASP,SOLUONG) VALUES ('HD103','SP25',5)"
HD104,SP25,6,,"insert into CTHD( SOHD,MASP,SOLUONG) VALUES ('HD104','SP25',6)"
HD105,SP25,8,,"insert into CTHD( SOHD,MASP,SOLUONG) VALUES ('HD105','SP25',8)"
HD105,SP24,9,,"insert into CTHD( SOHD,MASP,SOLUONG) VALUES ('HD105','SP24',9)"
HD105,SP23,6,,"insert into CTHD( SOHD,MASP,SOLUONG) VALUES ('HD105','SP23',6)"
HD105,SP22,7,,"insert into CTHD( SOHD,MASP,SOLUONG) VALUES ('HD105','SP22',7)"
HD106,SP11,10,,"insert into CTHD( SOHD,MASP,SOLUONG) VALUES ('HD106','SP11',10)"
HD106,SP12,5,,"insert into CTHD( SOHD,MASP,SOLUONG) VALUES ('HD106','SP12',5)"
HD106,SP13,9,,"insert into CTHD( SOHD,MASP,SOLUONG) VALUES ('HD106','SP13',9)"
HD106,SP14,5,,"insert into CTHD( SOHD,MASP,SOLUONG) VALUES ('HD106','SP14',5)"
HD106,SP15,8,,"insert into CTHD( SOHD,MASP,SOLUONG) VALUES ('HD106','SP15',8)"
HD107,SP16,5,,"insert into CTHD( SOHD,MASP,SOLUONG) VALUES ('HD107','SP16',5)"
HD107,SP17,7,,"insert into CTHD( SOHD,MASP,SOLUONG) VALUES ('HD107','SP17',7)"
HD107,SP18,7,,"insert into CTHD( SOHD,MASP,SOLUONG) VALUES ('HD107','SP18',7)"
HD107,SP19,9,,"insert into CTHD( SOHD,MASP,SOLUONG) VALUES ('HD107','SP19',9)"
HD107,SP20,10,,"insert into CTHD( SOHD,MASP,SOLUONG) VALUES ('HD107','SP20',10)"
HD108,SP21,9,,"insert into CTHD( SOHD,MASP,SOLUONG) VALUES ('HD108','SP21',9)"
HD108,SP22,6,,"insert into CTHD( SOHD,MASP,SOLUONG) VALUES ('HD108','SP22',6)"
HD108,SP23,9,,"insert into CTHD( SOHD,MASP,SOLUONG) VALUES ('HD108','SP23',9)"
HD109,SP25,9,,"insert into CTHD( SOHD,MASP,SOLUONG) VALUES ('HD109','SP25',9)"
HD109,SP24,7,,"insert into CTHD( SOHD,MASP,SOLUONG) VALUES ('HD109','SP24',7)"
HD109,SP23,5,,"insert into CTHD( SOHD,MASP,SOLUONG) VALUES ('HD109','SP23',5)"
HD11,SP22,5,,"insert into CTHD( SOHD,MASP,SOLUONG) VALUES ('HD11','SP22',5)"
HD110,SP21,10,,"insert into CTHD( SOHD,MASP,SOLUONG) VALUES ('HD110','SP21',10)"
HD110,SP20,10,,"insert into CTHD( SOHD,MASP,SOLUONG) VALUES ('HD110','SP20',10)"
HD12,SP19,8,,"insert into CTHD( SOHD,MASP,SOLUONG) VALUES ('HD12','SP19',8)"
HD12,SP18,6,,"insert into CTHD( SOHD,MASP,SOLUONG) VALUES ('HD12','SP18',6)"
HD12,SP17,10,,"insert into CTHD( SOHD,MASP,SOLUONG) VALUES ('HD12','SP17',10)"
HD12,SP16,10,,"insert into CTHD( SOHD,MASP,SOLUONG) VALUES ('HD12','SP16',10)"
HD13,SP15,5,,"insert into CTHD( SOHD,MASP,SOLUONG) VALUES ('HD13','SP15',5)"
HD13,SP14,9,,"insert into CTHD( SOHD,MASP,SOLUONG) VALUES ('HD13','SP14',9)"
HD14,SP13,10,,"insert into CTHD( SOHD,MASP,SOLUONG) VALUES ('HD14','SP13',10)"
HD14,SP12,10,,"insert into CTHD( SOHD,MASP,SOLUONG) VALUES ('HD14','SP12',10)"
HD14,SP11,8,,"insert into CTHD( SOHD,MASP,SOLUONG) VALUES ('HD14','SP11',8)"
HD15,SP11,10,,"insert into CTHD( SOHD,MASP,SOLUONG) VALUES ('HD15','SP11',10)"
HD15,SP12,7,,"insert into CTHD( SOHD,MASP,SOLUONG) VALUES ('HD15','SP12',7)"
HD15,SP13,8,,"insert into CTHD( SOHD,MASP,SOLUONG) VALUES ('HD15','SP13',8)"
HD16,SP14,6,,"insert into CTHD( SOHD,MASP,SOLUONG) VALUES ('HD16','SP14',6)"
HD16,SP15,8,,"insert into CTHD( SOHD,MASP,SOLUONG) VALUES ('HD16','SP15',8)"
HD16,SP16,10,,"insert into CTHD( SOHD,MASP,SOLUONG) VALUES ('HD16','SP16',10)"
HD16,SP17,7,,"insert into CTHD( SOHD,MASP,SOLUONG) VALUES ('HD16','SP17',7)"
HD16,SP18,8,,"insert into CTHD( SOHD,MASP,SOLUONG) VALUES ('HD16','SP18',8)"
HD17,SP19,7,,"insert into CTHD( SOHD,MASP,SOLUONG) VALUES ('HD17','SP19',7)"
HD17,SP20,5,,"insert into CTHD( SOHD,MASP,SOLUONG) VALUES ('HD17','SP20',5)"
HD18,SP21,10,,"insert into CTHD( SOHD,MASP,SOLUONG) VALUES ('HD18','SP21',10)"
HD18,SP22,7,,"insert into CTHD( SOHD,MASP,SOLUONG) VALUES ('HD18','SP22',7)"
HD19,SP23,6,,"insert into CTHD( SOHD,MASP,SOLUONG) VALUES ('HD19','SP23',6)"
HD19,SP24,6,,"insert into CTHD( SOHD,MASP,SOLUONG) VALUES ('HD19','SP24',6)"
HD20,SP11,5,,"insert into CTHD( SOHD,MASP,SOLUONG) VALUES ('HD20','SP11',5)"
HD20,SP12,10,,"insert into CTHD( SOHD,MASP,SOLUONG) VALUES ('HD20','SP12',10)"
HD20,SP13,6,,"insert into CTHD( SOHD,MASP,SOLUONG) VALUES ('HD20','SP13',6)"
HD20,SP14,5,,"insert into CTHD( SOHD,MASP,SOLUONG) VALUES ('HD20','SP14',5)"
HD20,SP15,10,,"insert into CTHD( SOHD,MASP,SOLUONG) VALUES ('HD20','SP15',10)"
HD21,SP16,8,,"insert into CTHD( SOHD,MASP,SOLUONG) VALUES ('HD21','SP16',8)"
HD21,SP17,7,,"insert into CTHD( SOHD,MASP,SOLUONG) VALUES ('HD21','SP17',7)"
HD21,SP18,9,,"insert into CTHD( SOHD,MASP,SOLUONG) VALUES ('HD21','SP18',9)"
HD22,SP19,8,,"insert into CTHD( SOHD,MASP,SOLUONG) VALUES ('HD22','SP19',8)"
HD22,SP20,7,,"insert into CTHD( SOHD,MASP,SOLUONG) VALUES ('HD22','SP20',7)"
HD22,SP21,9,,"insert into CTHD( SOHD,MASP,SOLUONG) VALUES ('HD22','SP21',9)"
HD22,SP22,5,,"insert into CTHD( SOHD,MASP,SOLUONG) VALUES ('HD22','SP22',5)"
HD23,SP25,6,,"insert into CTHD( SOHD,MASP,SOLUONG) VALUES ('HD23','SP25',6)"
HD23,SP24,7,,"insert into CTHD( SOHD,MASP,SOLUONG) VALUES ('HD23','SP24',7)"
HD23,SP23,8,,"insert into CTHD( SOHD,MASP,SOLUONG) VALUES ('HD23','SP23',8)"
HD23,SP22,6,,"insert into CTHD( SOHD,MASP,SOLUONG) VALUES ('HD23','SP22',6)"
HD23,SP21,8,,"insert into CTHD( SOHD,MASP,SOLUONG) VALUES ('HD23','SP21',8)"
HD24,SP20,5,,"insert into CTHD( SOHD,MASP,SOLUONG) VALUES ('HD24','SP20',5)"
HD24,SP19,6,,"insert into CTHD( SOHD,MASP,SOLUONG) VALUES ('HD24','SP19',6)"
HD24,SP18,10,,"insert into CTHD( SOHD,MASP,SOLUONG) VALUES ('HD24','SP18',10)"
HD25,SP17,9,,"insert into CTHD( SOHD,MASP,SOLUONG) VALUES ('HD25','SP17',9)"
HD25,SP16,9,,"insert into CTHD( SOHD,MASP,SOLUONG) VALUES ('HD25','SP16',9)"
HD25,SP15,6,,"insert into CTHD( SOHD,MASP,SOLUONG) VALUES ('HD25','SP15',6)"
HD25,SP14,10,,"insert into CTHD( SOHD,MASP,SOLUONG) VALUES ('HD25','SP14',10)"
HD25,SP13,8,,"insert into CTHD( SOHD,MASP,SOLUONG) VALUES ('HD25','SP13',8)"
HD26,SP11,7,,"insert into CTHD( SOHD,MASP,SOLUONG) VALUES ('HD26','SP11',7)"
HD26,SP12,7,,"insert into CTHD( SOHD,MASP,SOLUONG) VALUES ('HD26','SP12',7)"
HD26,SP13,10,,"insert into CTHD( SOHD,MASP,SOLUONG) VALUES ('HD26','SP13',10)"
HD26,SP14,5,,"insert into CTHD( SOHD,MASP,SOLUONG) VALUES ('HD26','SP14',5)"
HD27,SP15,8,,"insert into CTHD( SOHD,MASP,SOLUONG) VALUES ('HD27','SP15',8)"
HD27,SP16,10,,"insert into CTHD( SOHD,MASP,SOLUONG) VALUES ('HD27','SP16',10)"
HD27,SP17,9,,"insert into CTHD( SOHD,MASP,SOLUONG) VALUES ('HD27','SP17',9)"
HD27,SP18,10,,"insert into CTHD( SOHD,MASP,SOLUONG) VALUES ('HD27','SP18',10)"
HD27,SP19,5,,"insert into CTHD( SOHD,MASP,SOLUONG) VALUES ('HD27','SP19',5)"
HD28,SP20,8,,"insert into CTHD( SOHD,MASP,SOLUONG) VALUES ('HD28','SP20',8)"
HD29,SP21,6,,"insert into CTHD( SOHD,MASP,SOLUONG) VALUES ('HD29','SP21',6)"
HD29,SP22,7,,"insert into CTHD( SOHD,MASP,SOLUONG) VALUES ('HD29','SP22',7)"
HD29,SP23,8,,"insert into CTHD( SOHD,MASP,SOLUONG) VALUES ('HD29','SP23',8)"
HD30,SP25,5,,"insert into CTHD( SOHD,MASP,SOLUONG) VALUES ('HD30','SP25',5)"
HD30,SP24,8,,"insert into CTHD( SOHD,MASP,SOLUONG) VALUES ('HD30','SP24',8)"
HD30,SP23,8,,"insert into CTHD( SOHD,MASP,SOLUONG) VALUES ('HD30','SP23',8)"
HD31,SP22,8,,"insert into CTHD( SOHD,MASP,SOLUONG) VALUES ('HD31','SP22',8)"
HD31,SP21,7,,"insert into CTHD( SOHD,MASP,SOLUONG) VALUES ('HD31','SP21',7)"
HD31,SP20,6,,"insert into CTHD( SOHD,MASP,SOLUONG) VALUES ('HD31','SP20',6)"
HD31,SP19,6,,"insert into CTHD( SOHD,MASP,SOLUONG) VALUES ('HD31','SP19',6)"
HD32,SP18,8,,"insert into CTHD( SOHD,MASP,SOLUONG) VALUES ('HD32','SP18',8)"
HD32,SP17,10,,"insert into CTHD( SOHD,MASP,SOLUONG) VALUES ('HD32','SP17',10)"
HD32,SP16,7,,"insert into CTHD( SOHD,MASP,SOLUONG) VALUES ('HD32','SP16',7)"
HD32,SP15,6,,"insert into CTHD( SOHD,MASP,SOLUONG) VALUES ('HD32','SP15',6)"
HD33,SP11,6,,"insert into CTHD( SOHD,MASP,SOLUONG) VALUES ('HD33','SP11',6)"
HD33,SP12,7,,"insert into CTHD( SOHD,MASP,SOLUONG) VALUES ('HD33','SP12',7)"
HD33,SP13,8,,"insert into CTHD( SOHD,MASP,SOLUONG) VALUES ('HD33','SP13',8)"
HD33,SP14,5,,"insert into CTHD( SOHD,MASP,SOLUONG) VALUES ('HD33','SP14',5)"
HD33,SP15,10,,"insert into CTHD( SOHD,MASP,SOLUONG) VALUES ('HD33','SP15',10)"
HD34,SP16,6,,"insert into CTHD( SOHD,MASP,SOLUONG) VALUES ('HD34','SP16',6)"
HD34,SP17,9,,"insert into CTHD( SOHD,MASP,SOLUONG) VALUES ('HD34','SP17',9)"
HD34,SP18,9,,"insert into CTHD( SOHD,MASP,SOLUONG) VALUES ('HD34','SP18',9)"
HD35,SP19,10,,"insert into CTHD( SOHD,MASP,SOLUONG) VALUES ('HD35','SP19',10)"
HD35,SP20,5,,"insert into CTHD( SOHD,MASP,SOLUONG) VALUES ('HD35','SP20',5)"
HD35,SP21,6,,"insert into CTHD( SOHD,MASP,SOLUONG) VALUES ('HD35','SP21',6)"
HD35,SP22,10,,"insert into CTHD( SOHD,MASP,SOLUONG) VALUES ('HD35','SP22',10)"
HD35,SP23,8,,"insert into CTHD( SOHD,MASP,SOLUONG) VALUES ('HD35','SP23',8)"
HD35,SP24,6,,"insert into CTHD( SOHD,MASP,SOLUONG) VALUES ('HD35','SP24',6)"
HD35,SP25,8,,"insert into CTHD( SOHD,MASP,SOLUONG) VALUES ('HD35','SP25',8)"
HD36,SP25,8,,"insert into CTHD( SOHD,MASP,SOLUONG) VALUES ('HD36','SP25',8)"
HD36,SP24,6,,"insert into CTHD( SOHD,MASP,SOLUONG) VALUES ('HD36','SP24',6)"
HD37,SP23,5,,"insert into CTHD( SOHD,MASP,SOLUONG) VALUES ('HD37','SP23',5)"
HD37,SP22,5,,"insert into CTHD( SOHD,MASP,SOLUONG) VALUES ('HD37','SP22',5)"
HD38,SP21,9,,"insert into CTHD( SOHD,MASP,SOLUONG) VALUES ('HD38','SP21',9)"
HD38,SP20,8,,"insert into CTHD( SOHD,MASP,SOLUONG) VALUES ('HD38','SP20',8)"
HD38,SP19,10,,"insert into CTHD( SOHD,MASP,SOLUONG) VALUES ('HD38','SP19',10)"
HD39,SP18,5,,"insert into CTHD( SOHD,MASP,SOLUONG) VALUES ('HD39','SP18',5)"
HD39,SP17,10,,"insert into CTHD( SOHD,MASP,SOLUONG) VALUES ('HD39','SP17',10)"
HD39,SP16,10,,"insert into CTHD( SOHD,MASP,SOLUONG) VALUES ('HD39','SP16',10)"
HD40,SP15,10,,"insert into CTHD( SOHD,MASP,SOLUONG) VALUES ('HD40','SP15',10)"
HD40,SP14,6,,"insert into CTHD( SOHD,MASP,SOLUONG) VALUES ('HD40','SP14',6)"
HD40,SP13,10,,"insert into CTHD( SOHD,MASP,SOLUONG) VALUES ('HD40','SP13',10)"
HD41,SP12,9,,"insert into CTHD( SOHD,MASP,SOLUONG) VALUES ('HD41','SP12',9)"
HD41,SP11,9,,"insert into CTHD( SOHD,MASP,SOLUONG) VALUES ('HD41','SP11',9)"
HD42,SP11,8,,"insert into CTHD( SOHD,MASP,SOLUONG) VALUES ('HD42','SP11',8)"
HD42,SP12,7,,"insert into CTHD( SOHD,MASP,SOLUONG) VALUES ('HD42','SP12',7)"
HD43,SP13,7,,"insert into CTHD( SOHD,MASP,SOLUONG) VALUES ('HD43','SP13',7)"
HD44,SP14,6,,"insert into CTHD( SOHD,MASP,SOLUONG) VALUES ('HD44','SP14',6)"
HD44,SP15,6,,"insert into CTHD( SOHD,MASP,SOLUONG) VALUES ('HD44','SP15',6)"
HD44,SP16,9,,"insert into CTHD( SOHD,MASP,SOLUONG) VALUES ('HD44','SP16',9)"
HD45,SP17,5,,"insert into CTHD( SOHD,MASP,SOLUONG) VALUES ('HD45','SP17',5)"
HD45,SP18,10,,"insert into CTHD( SOHD,MASP,SOLUONG) VALUES ('HD45','SP18',10)"
HD45,SP19,10,,"insert into CTHD( SOHD,MASP,SOLUONG) VALUES ('HD45','SP19',10)"
HD46,SP20,10,,"insert into CTHD( SOHD,MASP,SOLUONG) VALUES ('HD46','SP20',10)"
HD47,SP25,9,,"insert into CTHD( SOHD,MASP,SOLUONG) VALUES ('HD47','SP25',9)"
HD47,SP24,7,,"insert into CTHD( SOHD,MASP,SOLUONG) VALUES ('HD47','SP24',7)"
HD47,SP23,7,,"insert into CTHD( SOHD,MASP,SOLUONG) VALUES ('HD47','SP23',7)"
HD47,SP22,6,,"insert into CTHD( SOHD,MASP,SOLUONG) VALUES ('HD47','SP22',6)"
HD47,SP21,10,,"insert into CTHD( SOHD,MASP,SOLUONG) VALUES ('HD47','SP21',10)"
HD47,SP20,8,,"insert into CTHD( SOHD,MASP,SOLUONG) VALUES ('HD47','SP20',8)"
HD47,SP19,5,,"insert into CTHD( SOHD,MASP,SOLUONG) VALUES ('HD47','SP19',5)"
HD48,SP18,8,,"insert into CTHD( SOHD,MASP,SOLUONG) VALUES ('HD48','SP18',8)"
HD48,SP17,9,,"insert into CTHD( SOHD,MASP,SOLUONG) VALUES ('HD48','SP17',9)"
HD48,SP16,9,,"insert into CTHD( SOHD,MASP,SOLUONG) VALUES ('HD48','SP16',9)"
HD49,SP15,9,,"insert into CTHD( SOHD,MASP,SOLUONG) VALUES ('HD49','SP15',9)"
HD50,SP14,10,,"insert into CTHD( SOHD,MASP,SOLUONG) VALUES ('HD50','SP14',10)"
HD50,SP13,10,,"insert into CTHD( SOHD,MASP,SOLUONG) VALUES ('HD50','SP13',10)"
HD50,SP12,8,,"insert into CTHD( SOHD,MASP,SOLUONG) VALUES ('HD50','SP12',8)"
HD50,SP11,10,,"insert into CTHD( SOHD,MASP,SOLUONG) VALUES ('HD50','SP11',10)"
HD51,SP11,9,,"insert into CTHD( SOHD,MASP,SOLUONG) VALUES ('HD51','SP11',9)"
HD51,SP12,5,,"insert into CTHD( SOHD,MASP,SOLUONG) VALUES ('HD51','SP12',5)"
HD51,SP13,7,,"insert into CTHD( SOHD,MASP,SOLUONG) VALUES ('HD51','SP13',7)"
HD52,SP14,5,,"insert into CTHD( SOHD,MASP,SOLUONG) VALUES ('HD52','SP14',5)"
HD52,SP15,10,,"insert into CTHD( SOHD,MASP,SOLUONG) VALUES ('HD52','SP15',10)"
HD52,SP16,10,,"insert into CTHD( SOHD,MASP,SOLUONG) VALUES ('HD52','SP16',10)"
HD52,SP17,5,,"insert into CTHD( SOHD,MASP,SOLUONG) VALUES ('HD52','SP17',5)"
HD53,SP18,10,,"insert into CTHD( SOHD,MASP,SOLUONG) VALUES ('HD53','SP18',10)"
HD53,SP19,5,,"insert into CTHD( SOHD,MASP,SOLUONG) VALUES ('HD53','SP19',5)"
HD53,SP20,7,,"insert into CTHD( SOHD,MASP,SOLUONG) VALUES ('HD53','SP20',7)"
HD53,SP21,5,,"insert into CTHD( SOHD,MASP,SOLUONG) VALUES ('HD53','SP21',5)"
HD53,SP22,6,,"insert into CTHD( SOHD,MASP,SOLUONG) VALUES ('HD53','SP22',6)"
HD54,SP23,8,,"insert into CTHD( SOHD,MASP,SOLUONG) VALUES ('HD54','SP23',8)"
HD54,SP24,7,,"insert into CTHD( SOHD,MASP,SOLUONG) VALUES ('HD54','SP24',7)"
HD54,SP25,6,,"insert into CTHD( SOHD,MASP,SOLUONG) VALUES ('HD54','SP25',6)"
HD55,SP25,9,,"insert into CTHD( SOHD,MASP,SOLUONG) VALUES ('HD55','SP25',9)"
HD56,SP24,9,,"insert into CTHD( SOHD,MASP,SOLUONG) VALUES ('HD56','SP24',9)"
HD56,SP23,10,,"insert into CTHD( SOHD,MASP,SOLUONG) VALUES ('HD56','SP23',10)"
HD56,SP22,10,,"insert into CTHD( SOHD,MASP,SOLUONG) VALUES ('HD56','SP22',10)"
HD57,SP21,7,,"insert into CTHD( SOHD,MASP,SOLUONG) VALUES ('HD57','SP21',7)"
HD57,SP20,6,,"insert into CTHD( SOHD,MASP,SOLUONG) VALUES ('HD57','SP20',6)"
HD58,SP19,7,,"insert into CTHD( SOHD,MASP,SOLUONG) VALUES ('HD58','SP19',7)"
HD58,SP18,9,,"insert into CTHD( SOHD,MASP,SOLUONG) VALUES ('HD58','SP18',9)"
HD58,SP17,6,,"insert into CTHD( SOHD,MASP,SOLUONG) VALUES ('HD58','SP17',6)"
HD59,SP16,9,,"insert into CTHD( SOHD,MASP,SOLUONG) VALUES ('HD59','SP16',9)"
HD59,SP15,8,,"insert into CTHD( SOHD,MASP,SOLUONG) VALUES ('HD59','SP15',8)"
HD60,SP14,10,,"insert into CTHD( SOHD,MASP,SOLUONG) VALUES ('HD60','SP14',10)"
HD60,SP13,10,,"insert into CTHD( SOHD,MASP,SOLUONG) VALUES ('HD60','SP13',10)"
HD60,SP12,6,,"insert into CTHD( SOHD,MASP,SOLUONG) VALUES ('HD60','SP12',6)"
HD61,SP11,5,,"insert into CTHD( SOHD,MASP,SOLUONG) VALUES ('HD61','SP11',5)"
HD62,SP11,9,,"insert into CTHD( SOHD,MASP,SOLUONG) VALUES ('HD62','SP11',9)"
HD62,SP12,7,,"insert into CTHD( SOHD,MASP,SOLUONG) VALUES ('HD62','SP12',7)"
HD62,SP13,6,,"insert into CTHD( SOHD,MASP,SOLUONG) VALUES ('HD62','SP13',6)"
HD62,SP14,8,,"insert into CTHD( SOHD,MASP,SOLUONG) VALUES ('HD62','SP14',8)"
HD63,SP15,5,,"insert into CTHD( SOHD,MASP,SOLUONG) VALUES ('HD63','SP15',5)"
HD63,SP16,10,,"insert into CTHD( SOHD,MASP,SOLUONG) VALUES ('HD63','SP16',10)"
HD63,SP17,7,,"insert into CTHD( SOHD,MASP,SOLUONG) VALUES ('HD63','SP17',7)"
HD64,SP18,8,,"insert into CTHD( SOHD,MASP,SOLUONG) VALUES ('HD64','SP18',8)"
HD64,SP19,9,,"insert into CTHD( SOHD,MASP,SOLUONG) VALUES ('HD64','SP19',9)"
HD65,SP20,9,,"insert into CTHD( SOHD,MASP,SOLUONG) VALUES ('HD65','SP20',9)"
HD65,SP21,8,,"insert into CTHD( SOHD,MASP,SOLUONG) VALUES ('HD65','SP21',8)"
HD66,SP22,5,,"insert into CTHD( SOHD,MASP,SOLUONG) VALUES ('HD66','SP22',5)"
HD66,SP23,8,,"insert into CTHD( SOHD,MASP,SOLUONG) VALUES ('HD66','SP23',8)"
HD67,SP24,6,,"insert into CTHD( SOHD,MASP,SOLUONG) VALUES ('HD67','SP24',6)"
HD68,SP25,8,,"insert into CTHD( SOHD,MASP,SOLUONG) VALUES ('HD68','SP25',8)"
HD68,SP24,10,,"insert into CTHD( SOHD,MASP,SOLUONG) VALUES ('HD68','SP24',10)"
HD68,SP23,5,,"insert into CTHD( SOHD,MASP,SOLUONG) VALUES ('HD68','SP23',5)"
HD68,SP22,8,,"insert into CTHD( SOHD,MASP,SOLUONG) VALUES ('HD68','SP22',8)"
HD69,SP21,9,,"insert into CTHD( SOHD,MASP,SOLUONG) VALUES ('HD69','SP21',9)"
HD70,SP20,7,,"insert into CTHD( SOHD,MASP,SOLUONG) VALUES ('HD70','SP20',7)"
HD70,SP19,9,,"insert into CTHD( SOHD,MASP,SOLUONG) VALUES ('HD70','SP19',9)"
HD71,SP18,5,,"insert into CTHD( SOHD,MASP,SOLUONG) VALUES ('HD71','SP18',5)"
HD71,SP17,5,,"insert into CTHD( SOHD,MASP,SOLUONG) VALUES ('HD71','SP17',5)"
HD71,SP16,6,,"insert into CTHD( SOHD,MASP,SOLUONG) VALUES ('HD71','SP16',6)"
HD71,SP15,8,,"insert into CTHD( SOHD,MASP,SOLUONG) VALUES ('HD71','SP15',8)"
HD71,SP14,5,,"insert into CTHD( SOHD,MASP,SOLUONG) VALUES ('HD71','SP14',5)"
HD72,SP11,10,,"insert into CTHD( SOHD,MASP,SOLUONG) VALUES ('HD72','SP11',10)"
HD72,SP12,5,,"insert into CTHD( SOHD,MASP,SOLUONG) VALUES ('HD72','SP12',5)"
HD72,SP13,10,,"insert into CTHD( SOHD,MASP,SOLUONG) VALUES ('HD72','SP13',10)"
HD72,SP14,10,,"insert into CTHD( SOHD,MASP,SOLUONG) VALUES ('HD72','SP14',10)"
HD73,SP15,9,,"insert into CTHD( SOHD,MASP,SOLUONG) VALUES ('HD73','SP15',9)"
HD73,SP16,6,,"insert into CTHD( SOHD,MASP,SOLUONG) VALUES ('HD73','SP16',6)"
HD74,SP17,10,,"insert into CTHD( SOHD,MASP,SOLUONG) VALUES ('HD74','SP17',10)"
HD74,SP18,8,,"insert into CTHD( SOHD,MASP,SOLUONG) VALUES ('HD74','SP18',8)"
HD74,SP19,7,,"insert into CTHD( SOHD,MASP,SOLUONG) VALUES ('HD74','SP19',7)"
HD74,SP20,6,,"insert into CTHD( SOHD,MASP,SOLUONG) VALUES ('HD74','SP20',6)"
HD75,SP21,5,,"insert into CTHD( SOHD,MASP,SOLUONG) VALUES ('HD75','SP21',5)"
HD75,SP22,10,,"insert into CTHD( SOHD,MASP,SOLUONG) VALUES ('HD75','SP22',10)"
HD76,SP25,9,,"insert into CTHD( SOHD,MASP,SOLUONG) VALUES ('HD76','SP25',9)"
HD76,SP24,7,,"insert into CTHD( SOHD,MASP,SOLUONG) VALUES ('HD76','SP24',7)"
HD77,SP23,9,,"insert into CTHD( SOHD,MASP,SOLUONG) VALUES ('HD77','SP23',9)"
HD77,SP22,6,,"insert into CTHD( SOHD,MASP,SOLUONG) VALUES ('HD77','SP22',6)"
HD77,SP21,8,,"insert into CTHD( SOHD,MASP,SOLUONG) VALUES ('HD77','SP21',8)"
HD77,SP20,5,,"insert into CTHD( SOHD,MASP,SOLUONG) VALUES ('HD77','SP20',5)"
HD78,SP19,7,,"insert into CTHD( SOHD,MASP,SOLUONG) VALUES ('HD78','SP19',7)"
HD78,SP18,5,,"insert into CTHD( SOHD,MASP,SOLUONG) VALUES ('HD78','SP18',5)"
HD78,SP17,8,,"insert into CTHD( SOHD,MASP,SOLUONG) VALUES ('HD78','SP17',8)"
HD79,SP16,10,,"insert into CTHD( SOHD,MASP,SOLUONG) VALUES ('HD79','SP16',10)"
HD80,SP15,8,,"insert into CTHD( SOHD,MASP,SOLUONG) VALUES ('HD80','SP15',8)"
HD80,SP14,9,,"insert into CTHD( SOHD,MASP,SOLUONG) VALUES ('HD80','SP14',9)"
HD80,SP13,8,,"insert into CTHD( SOHD,MASP,SOLUONG) VALUES ('HD80','SP13',8)"
HD81,SP12,6,,"insert into CTHD( SOHD,MASP,SOLUONG) VALUES ('HD81','SP12',6)"
HD82,SP11,7,,"insert into CTHD( SOHD,MASP,SOLUONG) VALUES ('HD82','SP11',7)"
HD82,SP12,8,,"insert into CTHD( SOHD,MASP,SOLUONG) VALUES ('HD82','SP12',8)"
HD83,SP13,6,,"insert into CTHD( SOHD,MASP,SOLUONG) VALUES ('HD83','SP13',6)"
HD83,SP14,6,,"insert into CTHD( SOHD,MASP,SOLUONG) VALUES ('HD83','SP14',6)"
HD83,SP15,5,,"insert into CTHD( SOHD,MASP,SOLUONG) VALUES ('HD83','SP15',5)"
HD84,SP16,10,,"insert into CTHD( SOHD,MASP,SOLUONG) VALUES ('HD84','SP16',10)"
HD84,SP17,5,,"insert into CTHD( SOHD,MASP,SOLUONG) VALUES ('HD84','SP17',5)"
HD84,SP18,8,,"insert into CTHD( SOHD,MASP,SOLUONG) VALUES ('HD84','SP18',8)"
HD84,SP19,5,,"insert into CTHD( SOHD,MASP,SOLUONG) VALUES ('HD84','SP19',5)"
HD85,SP20,7,,"insert into CTHD( SOHD,MASP,SOLUONG) VALUES ('HD85','SP20',7)"
HD85,SP21,7,,"insert into CTHD( SOHD,MASP,SOLUONG) VALUES ('HD85','SP21',7)"
HD85,SP22,5,,"insert into CTHD( SOHD,MASP,SOLUONG) VALUES ('HD85','SP22',5)"
HD86,SP25,6,,"insert into CTHD( SOHD,MASP,SOLUONG) VALUES ('HD86','SP25',6)"
HD86,SP24,9,,"insert into CTHD( SOHD,MASP,SOLUONG) VALUES ('HD86','SP24',9)"
HD86,SP23,10,,"insert into CTHD( SOHD,MASP,SOLUONG) VALUES ('HD86','SP23',10)"
HD86,SP22,9,,"insert into CTHD( SOHD,MASP,SOLUONG) VALUES ('HD86','SP22',9)"
HD86,SP21,5,,"insert into CTHD( SOHD,MASP,SOLUONG) VALUES ('HD86','SP21',5)"
HD87,SP20,9,,"insert into CTHD( SOHD,MASP,SOLUONG) VALUES ('HD87','SP20',9)"
HD87,SP19,8,,"insert into CTHD( SOHD,MASP,SOLUONG) VALUES ('HD87','SP19',8)"
HD88,SP18,5,,"insert into CTHD( SOHD,MASP,SOLUONG) VALUES ('HD88','SP18',5)"
HD88,SP17,7,,"insert into CTHD( SOHD,MASP,SOLUONG) VALUES ('HD88','SP17',7)"
HD89,SP16,6,,"insert into CTHD( SOHD,MASP,SOLUONG) VALUES ('HD89','SP16',6)"
HD90,SP15,6,,"insert into CTHD( SOHD,MASP,SOLUONG) VALUES ('HD90','SP15',6)"
HD90,SP14,6,,"insert into CTHD( SOHD,MASP,SOLUONG) VALUES ('HD90','SP14',6)"
HD91,SP11,9,,"insert into CTHD( SOHD,MASP,SOLUONG) VALUES ('HD91','SP11',9)"
HD91,SP12,6,,"insert into CTHD( SOHD,MASP,SOLUONG) VALUES ('HD91','SP12',6)"
HD91,SP13,6,,"insert into CTHD( SOHD,MASP,SOLUONG) VALUES ('HD91','SP13',6)"
HD91,SP14,5,,"insert into CTHD( SOHD,MASP,SOLUONG) VALUES ('HD91','SP14',5)"
HD91,SP15,8,,"insert into CTHD( SOHD,MASP,SOLUONG) VALUES ('HD91','SP15',8)"
HD92,SP16,9,,"insert into CTHD( SOHD,MASP,SOLUONG) VALUES ('HD92','SP16',9)"
HD92,SP17,7,,"insert into CTHD( SOHD,MASP,SOLUONG) VALUES ('HD92','SP17',7)"
HD93,SP18,10,,"insert into CTHD( SOHD,MASP,SOLUONG) VALUES ('HD93','SP18',10)"
HD93,SP19,5,,"insert into CTHD( SOHD,MASP,SOLUONG) VALUES ('HD93','SP19',5)"
HD93,SP20,6,,"insert into CTHD( SOHD,MASP,SOLUONG) VALUES ('HD93','SP20',6)"
HD94,SP21,5,,"insert into CTHD( SOHD,MASP,SOLUONG) VALUES ('HD94','SP21',5)"
HD94,SP22,9,,"insert into CTHD( SOHD,MASP,SOLUONG) VALUES ('HD94','SP22',9)"
HD94,SP23,7,,"insert into CTHD( SOHD,MASP,SOLUONG) VALUES ('HD94','SP23',7)"
HD94,SP24,6,,"insert into CTHD( SOHD,MASP,SOLUONG) VALUES ('HD94','SP24',6)"
HD94,SP25,8,,"insert into CTHD( SOHD,MASP,SOLUONG) VALUES ('HD94','SP25',8)"
HD95,SP25,8,,"insert into CTHD( SOHD,MASP,SOLUONG) VALUES ('HD95','SP25',8)"
HD95,SP24,5,,"insert into CTHD( SOHD,MASP,SOLUONG) VALUES ('HD95','SP24',5)"
HD96,SP23,9,,"insert into CTHD( SOHD,MASP,SOLUONG) VALUES ('HD96','SP23',9)"
HD96,SP22,6,,"insert into CTHD( SOHD,MASP,SOLUONG) VALUES ('HD96','SP22',6)"
HD96,SP21,9,,"insert into CTHD( SOHD,MASP,SOLUONG) VALUES ('HD96','SP21',9)"
HD97,SP20,10,,"insert into CTHD( SOHD,MASP,SOLUONG) VALUES ('HD97','SP20',10)"
HD97,SP19,5,,"insert into CTHD( SOHD,MASP,SOLUONG) VALUES ('HD97','SP19',5)"
HD98,SP18,7,,"insert into CTHD( SOHD,MASP,SOLUONG) VALUES ('HD98','SP18',7)"
HD98,SP17,9,,"insert into CTHD( SOHD,MASP,SOLUONG) VALUES ('HD98','SP17',9)"
HD98,SP16,7,,"insert into CTHD( SOHD,MASP,SOLUONG) VALUES ('HD98','SP16',7)"
HD98,SP15,6,,"insert into CTHD( SOHD,MASP,SOLUONG) VALUES ('HD98','SP15',6)"
HD98,SP14,7,,"insert into CTHD( SOHD,MASP,SOLUONG) VALUES ('HD98','SP14',7)"
HD99,SP11,10,,"insert into CTHD( SOHD,MASP,SOLUONG) VALUES ('HD99','SP11',10)"
HD99,SP12,5,,"insert into CTHD( SOHD,MASP,SOLUONG) VALUES ('HD99','SP12',5)"
HD99,SP13,8,,"insert into CTHD( SOHD,MASP,SOLUONG) VALUES ('HD99','SP13',8)"
HD99,SP14,6,,"insert into CTHD( SOHD,MASP,SOLUONG) VALUES ('HD99','SP14',6)"
HD99,SP15,5,,"insert into CTHD( SOHD,MASP,SOLUONG) VALUES ('HD99','SP15',5)"